{

    "name": "Run_Puppet_Script",
    "description": "Action to run the Puppet script.",
    "actionType": "PUPPET_SCRIPT",
    "actionParameters": [
        {
            "paramName": "puppetServer",
            "paramValue": "1",
            "customParam": false,
            "required": true,
            "preference": "VISIBLE_UNLOCKED"
        },
        {
            "paramName": "puppetRole",
            "paramValue": "testRole",
            "customParam": false,
            "required": true,
            "preference": "VISIBLE_UNLOCKED"
        },
        {
            "paramName": "puppetEnvironment",
            "paramValue": "testEnv",
            "customParam": false,
            "required": true,
            "preference": "VISIBLE_UNLOCKED"
        }
    ],
    "actionResourceMappings": [
        {
            "type": "VIRTUAL_MACHINE",
            "actionResourceFilters": [
                {
                    "deploymentResource": null,
                    "vmResource": {

                        "type": "DEPLOYMENT_VM",

                        "cloudRegions": [
                            "1"

                        ],
                        "cloudAccounts": [
                            "1",
                            "2"
                        ]


                    }
                }
            ]
        }
    ]
}
