{

    "name": "Run_Chef_Script",
    "description": "Action to run the Chef Script.",
    "actionType": "CHEF_SCRIPT",
    "actionParameters": [
        {
            "paramName": "chefServer",
            "paramValue": "1",
            "customParam": false,
            "required": true,
            "preference": "VISIBLE_UNLOCKED"
        },
        {
            "paramName": "chefOrganization",
            "paramValue": "testOrg",
            "customParam": false,
            "required": true,
            "preference": "VISIBLE_UNLOCKED"
        },
        {
            "paramName": "chefEnvironment",
            "paramValue": "testEnv",
            "customParam": false,
            "required": true,
            "preference": "VISIBLE_UNLOCKED"
        },
        {
            "paramName": "chefRunList",
            "paramValue": "sampleCookBook::sampleRecipe",
            "customParam": false,
            "required": true,
            "preference": "VISIBLE_UNLOCKED"
        }


    ],
    "actionResourceMappings": [
        {
            "type": "VIRTUAL_MACHINE",
            "actionResourceFilters": [
                {
                    "deploymentResource": null,
                    "vmResource": {

                        "type": "DEPLOYMENT_VM",

                        "cloudRegions": [
                            "1"

                        ],
                        "cloudAccounts": [
                            "1",
                            "2"
                        ]


                    }
                }
            ]
        }
    ]
}
