{
   "name":"CreateDocDemoWebService",
   "description":"Action to invoke a service for an application profile",
   "timeOut":1200,
   "actionType":"INVOKE_WEB_SERVICE",
   "actionParameters":[
      {
         "paramName":"wsRequestType",
         "paramValue":"post",
         "customParam":false,
         "required":true,
         "preference":"VISIBLE_UNLOCKED"
      },
      {
         "paramName":"wsUsername",
         "paramValue":"admin@cliqrtech.com",
         "customParam":false,
         "required":false,
         "preference":"VISIBLE_UNLOCKED"
      },
      {
         "paramName":"wsUrl",
         "paramValue":"www.docs.cloudcenter.cisco.com/",
         "customParam":false,
         "required":true,
         "preference":"VISIBLE_UNLOCKED"
      },
      {
         "paramName":"wsProtocol",
         "paramValue":"http",
         "customParam":false,
         "required":true,
         "preference":"VISIBLE_UNLOCKED"
      },
      {
         "paramName":"wsCommandParams",
         "paramValue":"",
         "customParam":false,
         "required":false,
         "preference":"VISIBLE_UNLOCKED"
      },
      {
         "paramName":"wsPassword",
         "paramValue":"cliqr",
         "customParam":false,
         "required":false,
         "preference":"VISIBLE_UNLOCKED"
      },
      {
         "paramName":"wsContentType",
         "paramValue":"json",
         "customParam":false,
         "required":false,
         "preference":"VISIBLE_UNLOCKED"
      },
      {
         "paramName":"wsBody",
         "paramValue":"",
         "customParam":false,
         "required":false,
         "preference":"VISIBLE_UNLOCKED"
      }
   ],
   "actionResourceMappings":[
      {
         "type":"VIRTUAL_MACHINE",
         "actionResourceFilters":[
            {
               "deploymentResource":null,
               "vmResource":{
                  "type":"DEPLOYMENT_VM",
                  "appProfiles":[

                  ],
                  "services":[

                  ],
                  "cloudRegions":[

                  ],
                  "cloudAccounts":[

                  ]
               }
            }
         ]
      }
   ],
   "actionCustomParamSpecs":[

   ]
}
